<?xml version='1.0' encoding='UTF-8'?>
<!DOCTYPE hibernate-configuration PUBLIC
          "-//Hibernate/Hibernate Configuration DTD 3.0//EN"
          "http://www.hibernate.org/dtd/hibernate-configuration-3.0.dtd">
<!-- Generated by MyEclipse Hibernate Tools.                   -->
<hibernate-configuration>

<session-factory>
	<property name="myeclipse.connection.profile">mysql</property>
	<property name="dialect">
		org.hibernate.dialect.MySQLDialect
	</property>
	<property name="connection.password"></property>
	<property name="connection.username">root</property>
	<property name="connection.url">
		jdbc:mysql://localhost:3306/netexam?serverTimezone=UTC&amp;useUnicode=true&amp;characterEncoding=utf8
	</property>
	<property name="connection.driver_class">
		com.mysql.cj.jdbc.Driver
	</property>
	<mapping resource="model/Exam.hbm.xml" />
	<mapping resource="model/Judgequestion.hbm.xml" />
	<mapping resource="model/Lesson.hbm.xml" />
	<mapping resource="model/Manager.hbm.xml" />
	<mapping resource="model/Optionalquestion.hbm.xml" />
	<mapping resource="model/Student.hbm.xml" />
	<mapping resource="model/Sturesult.hbm.xml" />
	<mapping resource="model/Suggest.hbm.xml" />


</session-factory>

</hibernate-configuration>