<?xml version="1.0" encoding="utf-8"?>
<!DOCTYPE hibernate-mapping PUBLIC "-//Hibernate/Hibernate Mapping DTD 3.0//EN"
"http://www.hibernate.org/dtd/hibernate-mapping-3.0.dtd">
<!-- 
    Mapping file autogenerated by MyEclipse Persistence Tools
-->
<hibernate-mapping>
    <class name="model.Exam" table="exam" catalog="netexam">
        <id name="id" type="java.lang.Long">
            <column name="Id" />
            <generator class="increment" />
        </id>
        <!-- <property name="lessonId" type="java.lang.Long">
            <column name="LessonId" not-null="true">
                <comment>考试课程编号</comment>
            </column>
        </property> -->
        
        <!-- 
        <property name="lessonId" type="java.lang.Long">
            <column name="LessonId" not-null="true" />
        </property> 
        -->
        
        <!-- 
        	unique="true" 表示many-to-one的特殊情况，即many一方唯一，所以就是one-to-one 
         -->
        <many-to-one name="lesson" class="model.Lesson" column="LessonId" />
        
        <property name="singleScore" type="java.lang.Double">
            <column name="SingleScore" precision="22" scale="0" not-null="true">
                <comment>每道单选题分数</comment>
            </column>
        </property>
        <property name="singleNum" type="java.lang.Integer">
            <column name="SingleNum" not-null="true">
                <comment>单选题道数</comment>
            </column>
        </property>
        <property name="moreScore" type="java.lang.Double">
            <column name="MoreScore" precision="22" scale="0" not-null="true">
                <comment>每道多选题分数</comment>
            </column>
        </property>
        <property name="moreNum" type="java.lang.Integer">
            <column name="MoreNum" not-null="true">
                <comment>多选题道数</comment>
            </column>
        </property>
        <property name="judgeScore" type="java.lang.Double">
            <column name="JudgeScore" precision="22" scale="0" not-null="true">
                <comment>每道判断题分数</comment>
            </column>
        </property>
        <property name="judgeNum" type="java.lang.Integer">
            <column name="JudgeNum" not-null="true">
                <comment>判断题道数</comment>
            </column>
        </property>
        <property name="level" type="java.lang.String">
            <column name="Level" length="50" not-null="true">
                <comment>难度系数</comment>
            </column>
        </property>
        <property name="duration" type="java.lang.Long">
            <column name="Duration" not-null="true">
                <comment>考试时长</comment>
            </column>
        </property>
        <property name="status" type="java.lang.String">
            <column name="status" length="50" not-null="true">
                <comment>考试状态</comment>
            </column>
        </property>
        <property name="joinTime" type="java.sql.Timestamp">
            <column name="JoinTime" length="26" not-null="true">
                <comment>创建时间</comment>
            </column>
        </property>
    </class>
</hibernate-mapping>
