<?xml version="1.0" encoding="utf-8"?>
<!DOCTYPE hibernate-mapping PUBLIC "-//Hibernate/Hibernate Mapping DTD 3.0//EN"
"http://www.hibernate.org/dtd/hibernate-mapping-3.0.dtd">
<!-- 
    Mapping file autogenerated by MyEclipse Persistence Tools
-->
<hibernate-mapping>
    <class name="model.Judgequestion" table="judgequestion" catalog="netexam">
        <id name="id" type="java.lang.Long">
            <column name="Id" />
            <generator class="increment" />
        </id>
        
        <!-- 
        <property name="lessonId" type="java.lang.Long">
            <column name="LessonId" not-null="true" />
        </property> 
        -->
        
        <!-- 
        	unique="true" 表示many-to-one的特殊情况，即many一方唯一，所以就是one-to-one 
         -->
        <many-to-one name="lesson" class="model.Lesson" column="LessonId" />
        
        <property name="question" type="java.lang.String">
            <column name="Question" length="500" not-null="true" />
        </property>
        <property name="level" type="java.lang.String">
            <column name="Level" length="50" not-null="true" />
        </property>
        <property name="answer" type="java.lang.String">
            <column name="Answer" length="50" not-null="true" />
        </property>
        <property name="joinTime" type="java.sql.Timestamp">
            <column name="JoinTime" length="26" not-null="true" />
        </property>
    </class>
</hibernate-mapping>
