<?xml version="1.0" encoding="utf-8"?>
<!DOCTYPE hibernate-mapping PUBLIC "-//Hibernate/Hibernate Mapping DTD 3.0//EN"
"http://www.hibernate.org/dtd/hibernate-mapping-3.0.dtd">
<!-- 
    Mapping file autogenerated by MyEclipse Persistence Tools
-->
<hibernate-mapping>
    <class name="model.Lesson" table="lesson" catalog="netexam">
        <id name="id" type="java.lang.Long">
            <column name="Id" />
            <generator class="increment" />
        </id>
        <property name="name" type="java.lang.String">
            <column name="Name" length="50" not-null="true" />
        </property>
        <property name="joinTime" type="java.sql.Timestamp">
            <column name="JoinTime" length="26" not-null="true" />
        </property>
    </class>
</hibernate-mapping>
