<?xml version="1.0" encoding="utf-8"?>
<!DOCTYPE hibernate-mapping PUBLIC "-//Hibernate/Hibernate Mapping DTD 3.0//EN"
"http://www.hibernate.org/dtd/hibernate-mapping-3.0.dtd">
<!-- 
    Mapping file autogenerated by MyEclipse Persistence Tools
-->
<hibernate-mapping>
    <class name="model.Manager" table="manager" catalog="netexam">
        <id name="id" type="java.lang.String">
            <column name="Id" length="20" />
            <generator class="assigned" />
        </id>
        <property name="name" type="java.lang.String">
            <column name="Name" length="20" not-null="true">
                <comment>管理员姓名</comment>
            </column>
        </property>
        <property name="pwd" type="java.lang.String">
            <column name="Pwd" length="20" not-null="true">
                <comment>管理员密码</comment>
            </column>
        </property>
    </class>
</hibernate-mapping>
