<?xml version="1.0" encoding="utf-8"?>
<!DOCTYPE hibernate-mapping PUBLIC "-//Hibernate/Hibernate Mapping DTD 3.0//EN"
"http://www.hibernate.org/dtd/hibernate-mapping-3.0.dtd">
<!-- 
    Mapping file autogenerated by MyEclipse Persistence Tools
-->
<hibernate-mapping>
    <class name="model.Optionalquestion" table="optionalquestion" catalog="netexam">
        <id name="id" type="java.lang.Long">
            <column name="Id" />
            <generator class="increment" />
        </id>
        <!-- <property name="lessonId" type="java.lang.Long">
            <column name="LessonId" not-null="true">
                <comment>所属考试课程编号</comment>
            </column>
        </property> -->
        
        <!-- 
        	unique="true" 表示many-to-one的特殊情况，即many一方唯一，所以就是one-to-one 
         -->
        <many-to-one name="lesson" class="model.Lesson" column="LessonId" />
        
        <property name="question" type="java.lang.String">
            <column name="Question" length="500" not-null="true">
                <comment>问题</comment>
            </column>
        </property>
        <property name="type" type="java.lang.String">
            <column name="Type" length="50" not-null="true">
                <comment>题目类型</comment>
            </column>
        </property>
        <property name="level" type="java.lang.String">
            <column name="Level" length="50" not-null="true">
                <comment>难度</comment>
            </column>
        </property>
        <property name="optionA" type="java.lang.String">
            <column name="OptionA" length="500" not-null="true">
                <comment>A选项</comment>
            </column>
        </property>
        <property name="optionB" type="java.lang.String">
            <column name="OptionB" length="500" not-null="true">
                <comment>B选项</comment>
            </column>
        </property>
        <property name="optionC" type="java.lang.String">
            <column name="OptionC" length="500" not-null="true">
                <comment>C选项</comment>
            </column>
        </property>
        <property name="optionD" type="java.lang.String">
            <column name="OptionD" length="500" not-null="true">
                <comment>D选项</comment>
            </column>
        </property>
        <property name="answer" type="java.lang.String">
            <column name="Answer" length="50" not-null="true">
                <comment>答案</comment>
            </column>
        </property>
        <property name="joinTime" type="java.sql.Timestamp">
            <column name="JoinTime" length="26" not-null="true">
                <comment>创建时间</comment>
            </column>
        </property>
    </class>
</hibernate-mapping>
