<?xml version="1.0" encoding="utf-8"?>
<!DOCTYPE hibernate-mapping PUBLIC "-//Hibernate/Hibernate Mapping DTD 3.0//EN"
"http://www.hibernate.org/dtd/hibernate-mapping-3.0.dtd">
<!-- 
    Mapping file autogenerated by MyEclipse Persistence Tools
-->
<hibernate-mapping>
    <class name="model.Student" table="student" catalog="netexam">
        <id name="id" type="java.lang.String">
            <column name="Id" length="16" />
            <generator class="assigned" />
        </id>
        <property name="name" type="java.lang.String">
            <column name="Name" length="50" not-null="true">
                <comment>学生姓名</comment>
            </column>
        </property>
        <property name="pwd" type="java.lang.String">
            <column name="Pwd" length="50" not-null="true">
                <comment>学生密码</comment>
            </column>
        </property>
        <property name="sex" type="java.lang.String">
            <column name="Sex" length="50" not-null="true">
                <comment>学生性别</comment>
            </column>
        </property>
        <property name="profession" type="java.lang.String">
            <column name="Profession" length="50" not-null="true">
                <comment>学生专业</comment>
            </column>
        </property>
        <property name="cardNo" type="java.lang.String">
            <column name="CardNo" length="18" not-null="true">
                <comment>学生身份证号</comment>
            </column>
        </property>
        <property name="tel" type="java.lang.String">
            <column name="Tel" length="11" not-null="true">
                <comment>学生电话</comment>
            </column>
        </property>
        <property name="status" type="java.lang.String">
            <column name="Status" length="50" not-null="true">
                <comment>学生登录状态</comment>
            </column>
        </property>
        <property name="joinTime" type="java.sql.Timestamp">
            <column name="JoinTime" length="26" not-null="true">
                <comment>学生注册时间</comment>
            </column>
        </property>
    </class>
</hibernate-mapping>
