<?xml version="1.0" encoding="utf-8"?>
<!DOCTYPE hibernate-mapping PUBLIC "-//Hibernate/Hibernate Mapping DTD 3.0//EN"
"http://www.hibernate.org/dtd/hibernate-mapping-3.0.dtd">
<!-- 
    Mapping file autogenerated by MyEclipse Persistence Tools
-->
<hibernate-mapping>
    <class name="model.Sturesult" table="sturesult" catalog="netexam">
        <id name="id" type="java.lang.Long">
            <column name="Id" />
            <generator class="increment" />
        </id>
        
        <!-- 
        <property name="stuId" type="java.lang.Long">
            <column name="StuId" not-null="true" />
        </property> 
        -->
        
        <!-- 
        	unique="true" 表示many-to-one的特殊情况，即many一方唯一，所以就是one-to-one 
         -->
        <many-to-one name="student" class="model.Student" column="StuId" />
        
        <!-- 
        <property name="examId" type="java.lang.Long">
            <column name="ExamId" not-null="true" />
        </property> 
        -->
        
        <!-- 
        	unique="true" 表示many-to-one的特殊情况，即many一方唯一，所以就是one-to-one 
         -->
        <many-to-one name="exam" class="model.Exam" column="ExamId" />
        
        <property name="resSingle" type="java.lang.Double">
            <column name="ResSingle" precision="22" scale="0" not-null="true" />
        </property>
        <property name="resMore" type="java.lang.Double">
            <column name="ResMore" precision="22" scale="0" not-null="true" />
        </property>
        <property name="resJudge" type="java.lang.Double">
            <column name="ResJudge" precision="22" scale="0" not-null="true" />
        </property>
        <property name="resTotal" type="java.lang.Double">
            <column name="ResTotal" precision="22" scale="0" not-null="true" />
        </property>
        <property name="joinTime" type="java.sql.Timestamp">
            <column name="JoinTime" length="26" not-null="true" />
        </property>
    </class>
</hibernate-mapping>