<?xml version="1.0" encoding="utf-8"?>
<!DOCTYPE hibernate-mapping PUBLIC "-//Hibernate/Hibernate Mapping DTD 3.0//EN"
"http://www.hibernate.org/dtd/hibernate-mapping-3.0.dtd">
<!-- 
    Mapping file autogenerated by MyEclipse Persistence Tools
-->
<hibernate-mapping>
    <class name="model.Suggest" table="suggeset" catalog="netexam">
        <id name="id" type="java.lang.Integer">
            <column name="ID" />
            <generator class="increment" />
        </id>
        <!-- <property name="sno" type="java.lang.String">
            <column name="SNO" not-null="true" />
        </property> -->
        
        <many-to-one name="student" class="model.Student" column="SNO" />
        
        <property name="title" type="java.lang.String">
            <column name="TITLE" length="50" not-null="true" />
        </property>
        <property name="content" type="java.lang.String">
            <column name="CONTENT" length="100" not-null="true" />
        </property>
        <property name="time" type="java.sql.Timestamp">
            <column name="TIME" length="26" not-null="true" />
        </property>
    </class>
</hibernate-mapping>
